time_s,accel_g,stress_mpa,innovation_g
0.0,-0.010250658002840187,0.0,0.0
0.01,0.060307642250656976,0.0,0.0
0.02,0.11985308757592605,0.0,0.0
0.03,0.12000314559761242,0.0,0.0
0.04,0.10945493552206086,0.0,0.0
0.05,0.07440772966397176,0.0,0.0
0.06,0.02697086904098276,0.0,0.0
0.07,-0.015679007390049723,0.0,0.0
0.08,-0.07100199035674935,0.0,0.0
0.09,-0.08230113265926164,0.0,0.0
0.1,-0.12137386000196801,0.0,0.0
0.11,-0.11357680263940541,0.0,0.0
0.12,-0.06838634019811465,0.0,0.0
0.13,0.004581095085136447,0.0,0.0
0.14,0.06990644278711829,0.0,0.0
0.15,0.12401457205924012,0.0,0.0
0.16,0.1123175977538372,0.0,0.0
0.17,0.08399021758089578,0.0,0.0
0.18,0.06933952179644622,0.0,0.0
0.19,0.04943788041858104,0.0,0.0
0.2,-0.01216716834467139,0.0,0.0
0.21,-0.05337603625371018,0.0,0.0
0.22,-0.09750991995708769,0.0,0.0
0.23,-0.13228233248776436,0.0,0.0
0.24,-0.1248587046177178,0.0,0.0
0.25,-0.0877860075207668,0.0,0.0
0.26,-0.037273179963675636,0.0,0.0
0.27,0.0380341842372392,0.0,0.0
0.28,0.08680936280664102,0.0,0.0
0.29,0.12053215435469067,0.0,0.0
0.3,0.11045214036068075,0.0,0.0
0.31,0.06331483263174556,0.0,0.0
0.32,0.035693176878117655,0.0,0.0
0.33,-0.005619833765476464,0.0,0.0
0.34,-0.06600885246172133,0.0,0.0
0.35000000000000003,-0.09934783853711422,0.0,0.0
0.36,-0.13538435956725237,0.0,0.0
0.37,-0.12649268562818802,0.0,0.0
0.38,-0.08511390944644909,0.0,0.0
0.39,-0.040648148349104386,0.0,0.0
0.4,0.04124103702299104,0.0,0.0
0.41000000000000003,0.10216565269580066,0.0,0.0
0.42,0.1317207088158442,0.0,0.0
0.43,0.10994049731717044,0.0,0.0
0.44,0.07485475825838996,0.0,0.0
0.45,0.03800577012454031,0.0,0.0
0.46,-0.029300617266809888,0.0,0.0
0.47000000000000003,-0.046399416588047165,0.0,0.0
0.48,-0.08828589104846807,0.0,0.0
0.49,-0.12132371773053009,0.0,0.0
0.5,-0.1304518594866684,0.0,0.0
0.51,-0.09340192604904314,0.0,0.0
0.52,-0.04575476621731725,0.0,0.0
0.53,0.0389047878253046,0.0,0.0
0.54,0.08340564558864293,0.0,0.0
0.55,0.11982660959865084,0.0,0.0
0.56,0.11270886842972963,0.0,0.0
0.5700000000000001,0.11230461392224489,0.0,0.0
0.58,0.055721541987615635,0.0,0.0
0.59,0.02544514122016142,0.0,0.0
0.6,-0.04888887501235673,0.0,0.0
0.61,-0.06682161889082981,0.0,0.0
0.62,-0.10962678535437166,0.0,0.0
0.63,-0.11863398631085581,0.0,0.0
0.64,-0.1372054270660721,0.0,0.0
0.65,-0.08056677745721913,0.0,0.0
0.66,0.00770024881580048,0.0,0.0
0.67,0.08152160484675694,0.0,0.0
0.68,0.11992699272676877,0.0,0.0
0.6900000000000001,0.12352233335650407,0.0,0.0
0.7000000000000001,0.08042589900954226,0.0,0.0
0.71,0.048010422404601474,0.0,0.0
0.72,0.015661974614891435,0.0,0.0
0.73,-0.01304894893083332,0.0,0.0
0.74,-0.026941483161939547,0.0,0.0
0.75,-0.10447036335023009,0.0,0.0
0.76,-0.14172695324309825,0.0,0.0
0.77,-0.11684559378389736,0.0,0.0
0.78,-0.07643780661516276,0.0,0.0
0.79,0.02229910243810344,0.0,0.0
0.8,0.07703777465988434,0.0,0.0
0.81,0.12352704647586071,0.0,0.0
0.8200000000000001,0.14284457236306586,0.0,0.0
0.8300000000000001,0.08928206303886915,0.0,0.0
0.84,0.07380062176540779,0.0,0.0
0.85,0.035882511535571586,0.0,0.0
0.86,-0.010685008020327272,0.0,0.0
0.87,-0.052182313320680226,0.0,0.0
0.88,-0.0851468823820484,0.0,0.0
0.89,-0.10603387149666527,0.0,0.0
0.9,-0.09908597520829812,0.0,0.0
0.91,-0.09728944076393199,0.0,0.0
0.92,-0.03079190605884707,0.0,0.0
0.93,0.0654581756759284,0.0,0.0
0.9400000000000001,0.1066520456230961,0.0,0.0
0.9500000000000001,0.11941465083329399,0.0,0.0
0.96,0.10298703221494052,0.0,0.0
0.97,0.06698641702885376,0.0,0.0
0.98,0.04188031951042043,0.0,0.0
0.99,-0.007314019889843525,0.0,0.0
1.0,-0.03527650794782511,0.0,0.0
1.01,-0.09781674901618492,0.0,0.0
1.02,-0.11300431275749788,0.0,0.0
1.03,-0.09961078669358973,0.0,0.0
1.04,-0.0992957498952136,0.0,0.0
1.05,-0.016861545934215145,0.0,0.0
1.06,0.047197790804853715,0.0,0.0
1.07,0.08081256319805105,0.0,0.0
1.08,0.129805746867363,0.0,0.0
1.09,0.12230594671141481,0.0,0.0
1.1,0.08783174018464697,0.0,0.0
1.11,0.032953972922711745,0.0,0.0
1.12,-0.019088648643760555,0.0,0.0
1.1300000000000001,-0.04365319274591718,0.0,0.0
1.1400000000000001,-0.07715622527019274,0.0,0.0
1.1500000000000001,-0.1288728764107783,0.0,0.0
1.16,-0.1424406272156273,0.0,0.0
1.17,-0.09545244518408164,0.0,0.0
1.18,-0.042137370517263656,0.0,0.0
1.19,0.043158455625106576,0.0,0.0
1.2,0.0990037805108435,0.0,0.0
1.21,0.11988414983005416,0.0,0.0
1.22,0.11075218335301037,0.0,0.0
1.23,0.07562045866785684,0.0,0.0
1.24,0.059210461252439534,0.0,0.0
1.25,-0.006951859841034641,0.0,0.0
1.26,-0.029403985277510935,0.0,0.0
1.27,-0.07215688006133178,0.0,0.0
1.28,-0.14404239261690588,0.0,0.0
1.29,-0.11783006945389403,0.0,0.0
1.3,-0.1073700900242572,0.0,0.0
1.31,-0.0660002408280749,0.0,0.0
1.32,0.0190307632747433,0.0,0.0
1.33,0.08028377670594977,0.0,0.0
1.34,0.12637042441033275,0.0,0.0
1.35,0.11246581757894292,0.0,0.0
1.36,0.09907865003724793,0.0,0.0
1.37,0.0445701492039654,0.0,0.0
1.3800000000000001,0.032695544567725776,0.0,0.0
1.3900000000000001,-0.034906074512536474,0.0,0.0
1.4000000000000001,-0.05890547304133839,0.0,0.0
1.41,-0.12056508059659428,0.0,0.0
1.42,-0.12544004027533492,0.0,0.0
1.43,-0.12004381635451494,0.0,0.0
1.44,-0.05638587729048291,0.0,0.0
1.45,0.01284195089821538,0.0,0.0
1.46,0.07348879761816059,0.0,0.0
1.47,0.1295456272017546,0.0,0.0
1.48,0.14263262890001224,0.0,0.0
1.49,0.11386385535390423,0.0,0.0
1.5,0.06384956018644014,0.0,0.0
1.51,0.02290013286835134,0.0,0.0
1.52,-0.009394907579134198,0.0,0.0
1.53,-0.0651077330922143,0.0,0.0
1.54,-0.08849358395937013,0.0,0.0
1.55,-0.09294633405253204,0.0,0.0
1.56,-0.10833512008424877,0.0,0.0
1.57,-0.0679476793673232,0.0,0.0
1.58,0.003603500685585412,0.0,0.0
1.59,0.05581182873456411,0.0,0.0
1.6,0.11433885154806296,0.0,0.0
1.61,0.13535648360557703,0.0,0.0
1.62,0.10189764967506391,0.0,0.0
1.6300000000000001,0.06883621530134508,0.0,0.0
1.6400000000000001,0.013517621412451077,0.0,0.0
1.6500000000000001,0.00023641572248098847,0.0,0.0
1.6600000000000001,-0.04164245443458345,0.0,0.0
1.67,-0.09176147701248345,0.0,0.0
1.68,-0.1152029619796636,0.0,0.0
1.69,-0.1334293674280343,0.0,0.0
1.7,-0.09294080798890514,0.0,0.0
1.71,-0.04001230675743443,0.0,0.0
1.72,0.061910305913055776,0.0,0.0
1.73,0.09839025553761474,0.0,0.0
1.74,0.12079658597729091,0.0,0.0
1.75,0.08724781711621957,0.0,0.0
1.76,0.079687975802576,0.0,0.0
1.77,0.04594078291024788,0.0,0.0
1.78,0.005265883334417491,0.0,0.0
1.79,-0.050347948590380324,0.0,0.0
1.8,-0.09254847545121178,0.0,0.0
1.81,-0.10678699666051066,0.0,0.0
1.82,-0.14938214649685083,0.0,0.0
1.83,-0.09085023953688777,0.0,0.0
1.84,-0.015373866406408265,0.0,0.0
1.85,0.04356724024901806,0.0,0.0
1.86,0.09712635517617242,0.0,0.0
1.87,0.1294406676007659,0.0,0.0
1.8800000000000001,0.13040595549790607,0.0,0.0
1.8900000000000001,0.06422066229188989,0.0,0.0
1.9000000000000001,0.008413226741682593,0.0,0.0
1.9100000000000001,0.01942372012075975,0.0,0.0
1.92,-0.06137828245378497,0.0,0.0
1.93,-0.07418081865269381,0.0,0.0
1.94,-0.12356095313443306,0.0,0.0
1.95,-0.10715835630875097,0.0,0.0
1.96,-0.09702202596273979,0.0,0.0
1.97,-0.0654891224281393,0.0,0.0
1.98,0.017233703955652893,0.0,0.0
1.99,0.08071638698598002,0.0,0.0
2.0,0.13775974290105125,0.0,0.0
2.0100000000000002,0.09612966894967914,0.0,0.0
2.02,0.09509039388482608,0.0,0.0
2.0300000000000002,0.0413699769731115,0.0,0.0
2.04,0.006292822356916252,0.0,0.0
2.05,-0.03245922472912906,0.0,0.0
2.06,-0.0655484048974736,0.0,0.0
2.07,-0.13645823902101067,0.0,0.0
2.08,-0.1426197991689891,0.0,0.0
2.09,-0.08667971970549228,0.0,0.0
2.1,-0.05832293724293913,0.0,0.0
2.11,0.017915662330016235,0.0,0.0
2.12,0.07925865460586334,0.0,0.0
2.13,0.11034934789521371,0.0,0.0
2.14,0.12072056803195265,0.0,0.0
2.15,0.09080731676742688,0.0,0.0
2.16,0.04181926993983285,0.0,0.0
2.17,0.01515274686636682,0.0,0.0
2.18,-0.02530988619104949,0.0,0.0
2.19,-0.07220796441533311,0.0,0.0
2.2,-0.1250728083073804,0.0,0.0
2.21,-0.11917509687731738,0.0,0.0
2.22,-0.10389103900655754,0.0,0.0
2.23,-0.06901844449907142,0.0,0.0
2.24,0.0036568859806920227,0.0,0.0
2.25,0.08336094213965528,0.0,0.0
2.2600000000000002,0.11926911679546068,0.0,0.0
2.27,0.12313555670385175,0.0,0.0
2.2800000000000002,0.11205081391608193,0.0,0.0
2.29,0.053956076359422865,0.0,0.0
2.3000000000000003,0.013192397419747964,0.0,0.0
2.31,-0.0042997891032654865,0.0,0.0
2.32,-0.06601865247620545,0.0,0.0
2.33,-0.09693084468110738,0.0,0.0
2.34,-0.12770756958028712,0.0,0.0
2.35,-0.12768600437226446,0.0,0.0
2.36,-0.0855378720145307,0.0,0.0
2.37,0.011349011448759539,0.0,0.0
2.38,0.0644040253030022,0.0,0.0
2.39,0.12540953929262807,0.0,0.0
2.4,0.12681762331918303,0.0,0.0
2.41,0.10697677542301891,0.0,0.0
2.42,0.09421627390029916,0.0,0.0
2.43,0.03438445759389382,0.0,0.0
2.44,-0.013420853700557813,0.0,0.0
2.45,-0.05782402402570039,0.0,0.0
2.46,-0.09825852417860194,0.0,0.0
2.47,-0.12619399079248686,0.0,0.0
2.48,-0.1283827890486586,0.0,0.0
2.49,-0.10601932591680972,0.0,0.0
2.5,-0.023940649499845854,0.0,0.0
2.5100000000000002,0.05028185044122541,0.0,0.0
2.52,0.12156647359377509,0.0,0.0
2.5300000000000002,0.11909814228538307,0.0,0.0
2.54,0.11651103297836062,0.0,0.0
2.5500000000000003,0.0669427835944946,0.0,0.0
2.56,0.034214481941664904,0.0,0.0
2.57,0.019354935423327845,0.0,0.0
2.58,-0.0575959897907864,0.0,0.0
2.59,-0.10130002213437654,0.0,0.0
2.6,-0.11509720154005015,0.0,0.0
2.61,-0.1270903351697435,0.0,0.0
2.62,-0.09096503673057788,0.0,0.0
2.63,-0.03683332972359839,0.0,0.0
2.64,0.06351347945968111,0.0,0.0
2.65,0.0706783830129144,0.0,0.0
2.66,0.11869665634805919,0.0,0.0
2.67,0.0965589094628672,0.0,0.0
2.68,0.07448761291723523,0.0,0.0
2.69,0.04066463852702523,0.0,0.0
2.7,0.0119544837641396,0.0,0.0
2.71,-0.04721686622596071,0.0,0.0
2.72,-0.06792113166919478,0.0,0.0
2.73,-0.10778003949545883,0.0,0.0
2.74,-0.13856425293703897,0.0,0.0
2.75,-0.0860771215535873,0.0,0.0
2.7600000000000002,-0.048357292770044476,0.0,0.0
2.77,0.036955865540701,0.0,0.0
2.7800000000000002,0.0961698406501563,0.0,0.0
2.79,0.1363945777467861,0.0,0.0
2.8000000000000003,0.11736600859906215,0.0,0.0
2.81,0.08153674291805,0.0,0.0
2.82,0.05486985767663781,0.0,0.0
2.83,0.00698882899710213,0.0,0.0
2.84,-0.047644192832735605,0.0,0.0
2.85,-0.07207441060292934,0.0,0.0
2.86,-0.11042032480349794,0.0,0.0
2.87,-0.1430105138300803,0.0,0.0
2.88,-0.08986633498627802,0.0,0.0
2.89,-0.053922857538365475,0.0,0.0
2.9,0.013959109730306516,0.0,0.0
2.91,0.06444410262986919,0.0,0.0
2.92,0.13996693453713427,0.0,0.0
2.93,0.11624780680583284,0.0,0.0
2.94,0.0940724963244722,0.0,0.0
2.95,0.0687615483353458,0.0,0.0
2.96,0.006051777260004287,0.0,0.0
2.97,-0.013111131064193671,0.0,0.0
2.98,-0.06515118687827516,0.0,0.0
2.99,-0.10582424167593162,0.0,0.0
3.0,-0.10658483665282584,0.0,0.0
3.0100000000000002,-0.13165783780825896,0.0,0.0
3.02,-0.07852140603621932,0.0,0.0
3.0300000000000002,0.025602792033477192,0.0,0.0
3.04,0.0554932546785132,0.0,0.0
3.0500000000000003,0.11451446661066346,0.0,0.0
3.06,0.14158624493538813,0.0,0.0
3.0700000000000003,0.11308703149292873,0.0,0.0
3.08,0.07001318670188877,0.0,0.0
3.09,0.032731576522440756,0.0,0.0
3.1,-0.029924242369842972,0.0,0.0
3.11,-0.04499389034059839,0.0,0.0
3.12,-0.10155617838544556,0.0,0.0
3.13,-0.13133025207546484,0.0,0.0
3.14,-0.11564586863559191,0.0,0.0
3.15,-0.0870117637353491,0.0,0.0
3.16,-0.020379054755613055,0.0,0.0
3.17,0.04588413762813773,0.0,0.0
3.18,0.10694929434215439,0.0,0.0
3.19,0.11517328125922931,0.0,0.0
3.2,0.09181383645201496,0.0,0.0
3.21,0.08108992000283805,0.0,0.0
3.22,0.056558045365470835,0.0,0.0
3.23,-0.016159779724376294,0.0,0.0
3.24,-0.034373245576616335,0.0,0.0
3.25,-0.07633110684535836,0.0,0.0
3.2600000000000002,-0.10766072574082237,0.0,0.0
3.27,-0.11399459794520275,0.0,0.0
3.2800000000000002,-0.07511148339401723,0.0,0.0
3.29,-0.03136060874036786,0.0,0.0
3.3000000000000003,0.0215908062174551,0.0,0.0
3.31,0.09784592310724019,0.0,0.0
3.3200000000000003,0.12716021128205107,0.0,0.0
3.33,0.11226454892311287,0.0,0.0
3.34,0.08104476157206182,0.0,0.0
3.35,0.02254174413687565,0.0,0.0
3.36,0.009759781428963958,0.0,0.0
3.37,-0.039512719530146824,0.0,0.0
3.38,-0.08068387346311241,0.0,0.0
3.39,-0.1290211898284751,0.0,0.0
3.4,-0.10079238716150618,0.0,0.0
3.41,-0.10746131315965103,0.0,0.0
3.42,-0.037167120424785004,0.0,0.0
3.43,0.03368835125342728,0.0,0.0
3.44,0.090726383819818,0.0,0.0
3.45,0.13149090958489856,0.0,0.0
3.46,0.12042950677393686,0.0,0.0
3.47,0.08320742625873791,0.0,0.0
3.48,0.05688893073495649,0.0,0.0
3.49,0.016672071409322885,0.0,0.0
3.5,-0.022097881098165552,0.0,0.0
3.5100000000000002,-0.0824056476738885,0.0,0.0
3.52,-0.10176261567080631,0.0,0.0
3.5300000000000002,-0.13021800855939517,0.0,0.0
3.54,-0.11528050325721716,0.0,0.0
3.5500000000000003,-0.052755009015084786,0.0,0.0
3.56,0.004095257791877499,0.0,0.0
3.5700000000000003,0.1012116334789287,0.0,0.0
3.58,0.12300566840298592,0.0,0.0
3.59,0.1171802175618585,0.0,0.0
3.6,0.08390059836871253,0.0,0.0
3.61,0.05224315173452035,0.0,0.0
3.62,0.01715346105448478,0.0,0.0
3.63,-0.01678047394573557,0.0,0.0
3.64,-0.055345309590414046,0.0,0.0
3.65,-0.0845898879382139,0.0,0.0
3.66,-0.13622559892010172,0.0,0.0
3.67,-0.10250944458402154,0.0,0.0
3.68,-0.04621092655364627,0.0,0.0
3.69,-0.00153261727014937,0.0,0.0
3.7,0.07337828387079885,0.0,0.0
3.71,0.11515363592593698,0.0,0.0
3.72,0.12356324557411047,0.0,0.0
3.73,0.09294604680563537,0.0,0.0
3.74,0.07120065761966946,0.0,0.0
3.75,0.013952809747688439,0.0,0.0
3.7600000000000002,-0.030337156152992546,0.0,0.0
3.77,-0.07328764368415541,0.0,0.0
3.7800000000000002,-0.0995206616576491,0.0,0.0
3.79,-0.1299526686552683,0.0,0.0
3.8000000000000003,-0.09382853641367929,0.0,0.0
3.81,-0.09621472258921085,0.0,0.0
3.8200000000000003,0.007467111828282195,0.0,0.0
3.83,0.05533405556319065,0.0,0.0
3.84,0.10731856454830763,0.0,0.0
3.85,0.1314879594406956,0.0,0.0
3.86,0.0934636981908887,0.0,0.0
3.87,0.08694671863676814,0.0,0.0
3.88,0.0029176573738276222,0.0,0.0
3.89,-0.022004465647288605,0.0,0.0
3.9,-0.03774807288794672,0.0,0.0
3.91,-0.11416051227049322,0.0,0.0
3.92,-0.1107614359963722,0.0,0.0
3.93,-0.12905107780653396,0.0,0.0
3.94,-0.11009484193500037,0.0,0.0
3.95,-0.026906418609827495,0.0,0.0
3.96,0.04535232882018994,0.0,0.0
3.97,0.10957142528878516,0.0,0.0
3.98,0.12801894017536808,0.0,0.0
3.99,0.12186279917995602,0.0,0.0
4.0,0.09604289262263888,0.0,0.0
4.01,0.03420254757511586,0.0,0.0
4.0200000000000005,0.005929629968920314,0.0,0.0
4.03,-0.04802915793586232,0.0,0.0
4.04,-0.09388731670622286,0.0,0.0
4.05,-0.12322444107001546,0.0,0.0
4.0600000000000005,-0.13691297808982447,0.0,0.0
4.07,-0.08602448759002336,0.0,0.0
4.08,-0.04421145741313214,0.0,0.0
4.09,0.043420863981539,0.0,0.0
4.1,0.09808290936509441,0.0,0.0
4.11,0.14107154949125889,0.0,0.0
4.12,0.09062647764461955,0.0,0.0
4.13,0.08021495039022082,0.0,0.0
4.14,0.040927108768492766,0.0,0.0
4.15,0.004744105359799865,0.0,0.0
4.16,-0.03533457961265242,0.0,0.0
4.17,-0.07908873171398077,0.0,0.0
4.18,-0.0986208966255957,0.0,0.0
4.19,-0.11225492207292197,0.0,0.0
4.2,-0.10706406941310644,0.0,0.0
4.21,-0.039911721035459556,0.0,0.0
4.22,0.011907801589821848,0.0,0.0
4.23,0.07632884704129246,0.0,0.0
4.24,0.11044127893445309,0.0,0.0
4.25,0.10661479894359781,0.0,0.0
4.26,0.11341125391646842,0.0,0.0
4.2700000000000005,0.03176770882169386,0.0,0.0
4.28,0.013074099587720964,0.0,0.0
4.29,-0.04867452306097644,0.0,0.0
4.3,-0.05823695447570774,0.0,0.0
4.3100000000000005,-0.09891668380899715,0.0,0.0
4.32,-0.13020414544332384,0.0,0.0
4.33,-0.11290894191223552,0.0,0.0
4.34,-0.058555658980438324,0.0,0.0
4.3500000000000005,0.017998486656169637,0.0,0.0
4.36,0.08934265153365706,0.0,0.0
4.37,0.12453584586321853,0.0,0.0
4.38,0.11404100746158645,0.0,0.0
4.39,0.09238782302848465,0.0,0.0
4.4,0.03921505726476493,0.0,0.0
4.41,0.024063065683559974,0.0,0.0
4.42,-0.010065232682928329,0.0,0.0
4.43,-0.05327991486009516,0.0,0.0
4.44,-0.07733440880038314,0.0,0.0
4.45,-0.13061511029599768,0.0,0.0
4.46,-0.12405248745456632,0.0,0.0
4.47,-0.07857000894943075,0.0,0.0
4.48,0.0025429640080997327,0.0,0.0
4.49,0.0719598874279976,0.0,0.0
4.5,0.12500676807820557,0.0,0.0
4.51,0.13712957154187122,0.0,0.0
4.5200000000000005,0.10290701764523212,0.0,0.0
4.53,0.05623483947382744,0.0,0.0
4.54,0.02469002201632181,0.0,0.0
4.55,-0.01777769748859426,0.0,0.0
4.5600000000000005,-0.0768119197430278,0.0,0.0
4.57,-0.10213408310083286,0.0,0.0
4.58,-0.11082862210787389,0.0,0.0
4.59,-0.12521560289903916,0.0,0.0
4.6000000000000005,-0.0673354825654642,0.0,0.0
4.61,-0.011882120075341276,0.0,0.0
4.62,0.054405824183650885,0.0,0.0
4.63,0.1166998767383733,0.0,0.0
4.64,0.14409271350553646,0.0,0.0
4.65,0.09858031504434599,0.0,0.0
4.66,0.06346645998419652,0.0,0.0
4.67,0.03575214684029976,0.0,0.0
4.68,-0.008964692037968664,0.0,0.0
4.69,-0.05831806843502645,0.0,0.0
4.7,-0.07905614477103494,0.0,0.0
4.71,-0.09893987558374508,0.0,0.0
4.72,-0.11175259447703266,0.0,0.0
4.73,-0.05668549826309433,0.0,0.0
4.74,-0.033494555479731736,0.0,0.0
4.75,0.03995925147467567,0.0,0.0
4.76,0.10293109320035558,0.0,0.0
4.7700000000000005,0.14058028733025285,0.0,0.0
4.78,0.10902342250199284,0.0,0.0
4.79,0.0721820161710504,0.0,0.0
4.8,0.040535989978717275,0.0,0.0
4.8100000000000005,-0.012008086405027207,0.0,0.0
4.82,-0.03256883986185506,0.0,0.0
4.83,-0.0841317363115501,0.0,0.0
4.84,-0.1158211016625057,0.0,0.0
4.8500000000000005,-0.13804215509173953,0.0,0.0
4.86,-0.09923377762625112,0.0,0.0
4.87,-0.045799822768271256,0.0,0.0
4.88,0.01403915661501573,0.0,0.0
4.89,0.09655507018195336,0.0,0.0
4.9,0.11589398249586902,0.0,0.0
4.91,0.11214259517512497,0.0,0.0
4.92,0.08464417896381767,0.0,0.0
4.93,0.053202282167831356,0.0,0.0
4.94,0.016105703787029732,0.0,0.0
4.95,-0.0364541845754997,0.0,0.0
4.96,-0.06502533204084673,0.0,0.0
4.97,-0.08370193184531571,0.0,0.0
4.98,-0.112324032429924,0.0,0.0
4.99,-0.09376039779304865,0.0,0.0
5.0,-0.042568287112512704,0.0,0.0
5.01,0.03811398898722941,0.0,0.0
5.0200000000000005,0.10808979744767779,0.0,0.0
5.03,0.13435718699157112,0.0,0.0
5.04,0.13642526347426193,0.0,0.0
5.05,0.10149592665854804,0.0,0.0
5.0600000000000005,0.04320276638058776,0.0,0.0
5.07,0.006593119668141828,0.0,0.0
5.08,-0.012559303490595301,0.0,0.0
5.09,-0.07488524581025714,0.0,0.0
5.1000000000000005,-0.12242234809491112,0.0,0.0
5.11,-0.12270203179817347,0.0,0.0
5.12,-0.1270237268089387,0.0,0.0
5.13,-0.05672882386450545,0.0,0.0
5.14,0.008164513790737661,0.0,0.0
5.15,0.07060267343514053,0.0,0.0
5.16,0.10806306248234483,0.0,0.0
5.17,0.11182467895629747,0.0,0.0
5.18,0.09706159984363615,0.0,0.0
5.19,0.05807495220792039,0.0,0.0
5.2,0.030626175480433258,0.0,0.0
5.21,-0.016771814584879773,0.0,0.0
5.22,-0.06954081972333555,0.0,0.0
5.23,-0.08775422194991642,0.0,0.0
5.24,-0.11051041964325012,0.0,0.0
5.25,-0.10268660392861774,0.0,0.0
5.26,-0.07178756720219202,0.0,0.0
5.2700000000000005,-0.0011182507723332437,0.0,0.0
5.28,0.06222088608789822,0.0,0.0
5.29,0.10445134882209667,0.0,0.0
5.3,0.13132752710259038,0.0,0.0
5.3100000000000005,0.10091530850046561,0.0,0.0
5.32,0.06812501167205016,0.0,0.0
5.33,0.03278759685965165,0.0,0.0
5.34,-0.016978748021133104,0.0,0.0
5.3500000000000005,-0.06594321783355128,0.0,0.0
5.36,-0.0757999678943311,0.0,0.0
5.37,-0.10335548434887723,0.0,0.0
5.38,-0.10797685942155157,0.0,0.0
5.39,-0.08086974237340763,0.0,0.0
5.4,-0.028698196021189986,0.0,0.0
5.41,0.06183078692388253,0.0,0.0
5.42,0.10738115263043385,0.0,0.0
5.43,0.1441766680024532,0.0,0.0
5.44,0.09880519539435483,0.0,0.0
5.45,0.08908429136782231,0.0,0.0
5.46,0.03701597846398473,0.0,0.0
5.47,-0.01341993749453236,0.0,0.0
5.48,-0.05437129608178347,0.0,0.0
5.49,-0.07855816055403025,0.0,0.0
5.5,-0.12439431468438578,0.0,0.0
5.51,-0.10247813446288215,0.0,0.0
5.5200000000000005,-0.08282689627307491,0.0,0.0
5.53,-0.04584229928953394,0.0,0.0
5.54,0.05956166102629533,0.0,0.0
5.55,0.10802043865175393,0.0,0.0
5.5600000000000005,0.12580348519425588,0.0,0.0
5.57,0.08487116503517152,0.0,0.0
5.58,0.08776987406904552,0.0,0.0
5.59,0.034777988207262876,0.0,0.0
5.6000000000000005,0.008596642032941401,0.0,0.0
5.61,-0.033992294860708365,0.0,0.0
5.62,-0.0717060976864786,0.0,0.0
5.63,-0.12361583834918716,0.0,0.0
5.64,-0.11402000210495633,0.0,0.0
5.65,-0.11336230330183934,0.0,0.0
5.66,-0.023682338678425906,0.0,0.0
5.67,0.031711675137296086,0.0,0.0
5.68,0.09193256870707715,0.0,0.0
5.69,0.10737690641826579,0.0,0.0
5.7,0.10082244718257923,0.0,0.0
5.71,0.06511163126015704,0.0,0.0
5.72,0.04939178055094004,0.0,0.0
5.73,0.018733265191454435,0.0,0.0
5.74,-0.026448882979792428,0.0,0.0
5.75,-0.07279215129290664,0.0,0.0
5.76,-0.12403272787323995,0.0,0.0
5.7700000000000005,-0.145437666013771,0.0,0.0
5.78,-0.09873295009515425,0.0,0.0
5.79,-0.060245232155625994,0.0,0.0
5.8,0.006617591596541742,0.0,0.0
5.8100000000000005,0.12022725792424631,0.0,0.0
5.82,0.11665208970429546,0.0,0.0
5.83,0.1170652384622711,0.0,0.0
5.84,0.09614813633340565,0.0,0.0
5.8500000000000005,0.07062623395061532,0.0,0.0
5.86,-0.006284259541919163,0.0,0.0
5.87,-0.007510932931343063,0.0,0.0
5.88,-0.059316383207202214,0.0,0.0
5.89,-0.09543856376390417,0.0,0.0
5.9,-0.13147780053720143,0.0,0.0
5.91,-0.09839857511004284,0.0,0.0
5.92,-0.061342634032544176,0.0,0.0
5.93,-0.004681573940838015,0.0,0.0
5.94,0.08413110156980029,0.0,0.0
5.95,0.08680726505968919,0.0,0.0
5.96,0.15744056319154787,0.0,0.0
5.97,0.09902780967208535,0.0,0.0
5.98,0.052953722631066485,0.0,0.0
5.99,0.0032209439378497566,0.0,0.0
6.0,-0.022604444122294252,0.0,0.0
6.01,-0.06019896368884541,0.0,0.0
6.0200000000000005,-0.08146236370616203,0.0,0.0
6.03,-0.12378199372254914,0.0,0.0
6.04,-0.11176040597765019,0.0,0.0
6.05,-0.0798796909235899,0.0,0.0
6.0600000000000005,0.0015678908782191655,0.0,0.0
6.07,0.07757764927548833,0.0,0.0
6.08,0.1086925453630341,0.0,0.0
6.09,0.12303550910741999,0.0,0.0
6.1000000000000005,0.08265551445504513,0.0,0.0
6.11,0.08766750638598776,0.0,0.0
6.12,0.019420508421734164,0.0,0.0
6.13,-0.03282066391659781,0.0,0.0
6.140000000000001,-0.0571221485120814,0.0,0.0
6.15,-0.07610932209795655,0.0,0.0
6.16,-0.13131997645656834,0.0,0.0
6.17,-0.12161009732253766,0.0,0.0
6.18,-0.08295444604854618,0.0,0.0
6.19,-0.01795231308820417,0.0,0.0
6.2,0.05025796666023093,0.0,0.0
6.21,0.10768521323005452,0.0,0.0
6.22,0.13209079232559404,0.0,0.0
6.23,0.1014730372544057,0.0,0.0
6.24,0.05710380503759904,0.0,0.0
6.25,0.032145539162739746,0.0,0.0
6.26,-0.0022181797948454835,0.0,0.0
6.2700000000000005,-0.03672341871512807,0.0,0.0
6.28,-0.0741660191452519,0.0,0.0
6.29,-0.11892409545530375,0.0,0.0
6.3,-0.1427059504499659,0.0,0.0
6.3100000000000005,-0.1186775201298098,0.0,0.0
6.32,-0.030056994937334658,0.0,0.0
6.33,0.04349555656286639,0.0,0.0
6.34,0.07801959706886237,0.0,0.0
6.3500000000000005,0.10431323748374206,0.0,0.0
6.36,0.11503945768472,0.0,0.0
6.37,0.0798182987120268,0.0,0.0
6.38,0.05247764012807465,0.0,0.0
6.390000000000001,-0.007406261435143809,0.0,0.0
6.4,-0.04691560689703424,0.0,0.0
6.41,-0.07821779181029029,0.0,0.0
6.42,-0.12208085229312751,0.0,0.0
6.43,-0.14202590080950536,0.0,0.0
6.44,-0.11411828123022187,0.0,0.0
6.45,-0.07042710693674725,0.0,0.0
6.46,0.02294228796729677,0.0,0.0
6.47,0.08564532762232922,0.0,0.0
6.48,0.12340940725307317,0.0,0.0
6.49,0.10687826683894405,0.0,0.0
6.5,0.08109301010722303,0.0,0.0
6.51,0.02178871277044388,0.0,0.0
6.5200000000000005,-0.0020731655490537192,0.0,0.0
6.53,-0.03668024445186319,0.0,0.0
6.54,-0.06934752037892085,0.0,0.0
6.55,-0.11792233852035006,0.0,0.0
6.5600000000000005,-0.11388178849876912,0.0,0.0
6.57,-0.10629155005272663,0.0,0.0
6.58,-0.05740629516066471,0.0,0.0
6.59,-0.002374188727712532,0.0,0.0
6.6000000000000005,0.07375975908280596,0.0,0.0
6.61,0.12322434598939572,0.0,0.0
6.62,0.11853540500510959,0.0,0.0
6.63,0.1019482384819616,0.0,0.0
6.640000000000001,0.06386128373868973,0.0,0.0
6.65,0.016036057204654043,0.0,0.0
6.66,-0.032052890906307085,0.0,0.0
6.67,-0.07534316923254875,0.0,0.0
6.68,-0.10789340810732936,0.0,0.0
6.69,-0.11318573912738765,0.0,0.0
6.7,-0.11253826397685848,0.0,0.0
6.71,-0.07594021591259101,0.0,0.0
6.72,0.011840326011536192,0.0,0.0
6.73,0.0657598597534956,0.0,0.0
6.74,0.12983376396162244,0.0,0.0
6.75,0.12304443732453835,0.0,0.0
6.76,0.08679038541563205,0.0,0.0
6.7700000000000005,0.05552309362869018,0.0,0.0
6.78,0.018378147282224762,0.0,0.0
6.79,-0.021125393903043084,0.0,0.0
6.8,-0.06797612220688062,0.0,0.0
6.8100000000000005,-0.10316759726511213,0.0,0.0
6.82,-0.11861562279485131,0.0,0.0
6.83,-0.13460547344161194,0.0,0.0
6.84,-0.08457146085262443,0.0,0.0
6.8500000000000005,-0.01311008580461275,0.0,0.0
6.86,0.044417896157292025,0.0,0.0
6.87,0.10659518645328062,0.0,0.0
6.88,0.12624205418247797,0.0,0.0
6.890000000000001,0.10428557056945836,0.0,0.0
6.9,0.0736250941297335,0.0,0.0
6.91,0.014140795594199885,0.0,0.0
6.92,-0.004868307133147573,0.0,0.0
6.93,-0.05500537208462668,0.0,0.0
6.94,-0.09926694141852183,0.0,0.0
6.95,-0.12362302211666674,0.0,0.0
6.96,-0.11359479339982961,0.0,0.0
6.97,-0.12151718892557294,0.0,0.0
6.98,-0.030439153984883238,0.0,0.0
6.99,0.048880492662412435,0.0,0.0
7.0,0.10513952593110817,0.0,0.0
7.01,0.13671987421989468,0.0,0.0
7.0200000000000005,0.1110151868464158,0.0,0.0
7.03,0.08766040423838073,0.0,0.0
7.04,0.03486293705517024,0.0,0.0
7.05,-0.0038008923692442204,0.0,0.0
7.0600000000000005,-0.033254487849075004,0.0,0.0
7.07,-0.09177907550195438,0.0,0.0
7.08,-0.10550023306963657,0.0,0.0
7.09,-0.1456965125553888,0.0,0.0
7.1000000000000005,-0.09470559830752227,0.0,0.0
7.11,-0.045968464780147426,0.0,0.0
7.12,0.02936257873271798,0.0,0.0
7.13,0.09579936095456126,0.0,0.0
7.140000000000001,0.11177298205388822,0.0,0.0
7.15,0.1517093191459711,0.0,0.0
7.16,0.08059603278294906,0.0,0.0
7.17,0.040131524499852654,0.0,0.0
7.18,-0.011245679935851936,0.0,0.0
7.19,-0.04877199665253783,0.0,0.0
7.2,-0.06428140640847729,0.0,0.0
7.21,-0.12051801203214219,0.0,0.0
7.22,-0.13236229821966977,0.0,0.0
7.23,-0.11449408129249787,0.0,0.0
7.24,-0.05533558293717509,0.0,0.0
7.25,0.035798151787087826,0.0,0.0
7.26,0.08426383220195177,0.0,0.0
7.2700000000000005,0.10479604803753131,0.0,0.0
7.28,0.1297449896229975,0.0,0.0
7.29,0.09389627965022002,0.0,0.0
7.3,0.07062159089571034,0.0,0.0
7.3100000000000005,0.02076525579058653,0.0,0.0
7.32,-0.028042958543483838,0.0,0.0
7.33,-0.07096923534919553,0.0,0.0
7.34,-0.08374011265413964,0.0,0.0
7.3500000000000005,-0.10685059416094525,0.0,0.0
7.36,-0.10609652790205465,0.0,0.0
7.37,-0.06379617459846425,0.0,0.0
7.38,0.016942649915794295,0.0,0.0
7.390000000000001,0.07376130490544237,0.0,0.0
7.4,0.14269241416245346,0.0,0.0
7.41,0.1168584515061485,0.0,0.0
7.42,0.0816971898505922,0.0,0.0
7.43,0.07062333188773821,0.0,0.0
7.44,0.008853253334903347,0.0,0.0
7.45,0.010031791929512458,0.0,0.0
7.46,-0.06815299077210238,0.0,0.0
7.47,-0.0866227534322114,0.0,0.0
7.48,-0.1134706941770068,0.0,0.0
7.49,-0.1341088475438851,0.0,0.0
7.5,-0.07442285736681623,0.0,0.0
7.51,-0.0037157693107696043,0.0,0.0
7.5200000000000005,0.04942248984828059,0.0,0.0
7.53,0.12533140133669587,0.0,0.0
7.54,0.1298538647521601,0.0,0.0
7.55,0.09925793116937683,0.0,0.0
7.5600000000000005,0.0663313768507288,0.0,0.0
7.57,0.03202917257455488,0.0,0.0
7.58,0.00527110414702461,0.0,0.0
7.59,-0.03912036310106984,0.0,0.0
7.6000000000000005,-0.1033598066492839,0.0,0.0
7.61,-0.11964883387042732,0.0,0.0
7.62,-0.11903087355455108,0.0,0.0
7.63,-0.09733917524012624,0.0,0.0
7.640000000000001,-0.006513758485081605,0.0,0.0
7.65,0.05737862733643077,0.0,0.0
7.66,0.10537431069337518,0.0,0.0
7.67,0.13008305017957447,0.0,0.0
7.68,0.09228706388637542,0.0,0.0
7.69,0.08772030914035389,0.0,0.0
7.7,0.036281518237421664,0.0,0.0
7.71,-0.004524810607750167,0.0,0.0
7.72,-0.05597942536690754,0.0,0.0
7.73,-0.07633983161913385,0.0,0.0
7.74,-0.1285899658286303,0.0,0.0
7.75,-0.10830571095501987,0.0,0.0
7.76,-0.10007911367502485,0.0,0.0
7.7700000000000005,-0.03054352216682487,0.0,0.0
7.78,0.04694178375116516,0.0,0.0
7.79,0.10014617805695375,0.0,0.0
7.8,0.14229307029505306,0.0,0.0
7.8100000000000005,0.10699459931124461,0.0,0.0
7.82,0.07605101144593197,0.0,0.0
7.83,0.06777806885505998,0.0,0.0
7.84,-0.013130224151031251,0.0,0.0
7.8500000000000005,-0.04513963079729873,0.0,0.0
7.86,-0.07177081535470525,0.0,0.0
7.87,-0.12138949147197584,0.0,0.0
7.88,-0.1176494102612486,0.0,0.0
7.890000000000001,-0.08034455145499164,0.0,0.0
7.9,-0.017148934996583067,0.0,0.0
7.91,0.025832894264620175,0.0,0.0
7.92,0.09293845652362039,0.0,0.0
7.930000000000001,0.1130899869170596,0.0,0.0
7.94,0.10709482454367047,0.0,0.0
7.95,0.08479985668339217,0.0,0.0
7.96,0.03577376110264979,0.0,0.0
7.97,0.020099426412284398,0.0,0.0
7.98,-0.019744083595962674,0.0,0.0
7.99,-0.08373913771503365,0.0,0.0
8.0,-0.0918961889385348,0.0,0.0
8.01,-0.1401822168178554,0.0,0.0
8.02,-0.12409589296743477,0.0,0.0
8.03,-0.040862896375460867,0.0,0.0
8.040000000000001,0.014509730778579633,0.0,0.0
8.05,0.07051544987651795,0.0,0.0
8.06,0.13096296342803668,0.0,0.0
8.07,0.10771750802032459,0.0,0.0
8.08,0.10633975924313543,0.0,0.0
8.09,0.047741477336713675,0.0,0.0
8.1,0.026614124857161605,0.0,0.0
8.11,-0.04829781766576623,0.0,0.0
8.120000000000001,-0.07934099557991206,0.0,0.0
8.13,-0.09916606322345906,0.0,0.0
8.14,-0.11591992626568243,0.0,0.0
8.15,-0.12370894312025038,0.0,0.0
8.16,-0.06581380378463585,0.0,0.0
8.17,9.990415582619792e-05,0.0,0.0
8.18,0.07841962868655929,0.0,0.0
8.19,0.11064309607983486,0.0,0.0
8.2,0.10792112415817581,0.0,0.0
8.21,0.08805270301058153,0.0,0.0
8.22,0.06386132494323858,0.0,0.0
8.23,0.028880313500175843,0.0,0.0
8.24,-0.0013318525578963764,0.0,0.0
8.25,-0.07952336652093371,0.0,0.0
8.26,-0.11588380144792496,0.0,0.0
8.27,-0.13095389810321434,0.0,0.0
8.28,-0.1024937004002609,0.0,0.0
8.290000000000001,-0.0698910869806325,0.0,0.0
8.3,-0.015037057116372047,0.0,0.0
8.31,0.04126687245885945,0.0,0.0
8.32,0.12175815903563282,0.0,0.0
8.33,0.13873437915023962,0.0,0.0
8.34,0.12702774831027724,0.0,0.0
8.35,0.07531586859635701,0.0,0.0
8.36,0.002450893563527755,0.0,0.0
8.370000000000001,-0.019506755342452026,0.0,0.0
8.38,-0.056123862264563465,0.0,0.0
8.39,-0.10878361826947695,0.0,0.0
8.4,-0.1368203250336253,0.0,0.0
8.41,-0.12823934605610582,0.0,0.0
8.42,-0.06806037565860783,0.0,0.0
8.43,-0.011207692274458978,0.0,0.0
8.44,0.07478705169330682,0.0,0.0
8.45,0.09648001112804888,0.0,0.0
8.46,0.11067227415845812,0.0,0.0
8.47,0.09929915244892044,0.0,0.0
8.48,0.05888869555910264,0.0,0.0
8.49,0.03772778368647711,0.0,0.0
8.5,-0.01634430395835311,0.0,0.0
8.51,-0.06999464968760888,0.0,0.0
8.52,-0.07367892659133513,0.0,0.0
8.53,-0.08536672108111582,0.0,0.0
8.540000000000001,-0.11102618046734244,0.0,0.0
8.55,-0.09103362142018463,0.0,0.0
8.56,-0.0321518626113529,0.0,0.0
8.57,0.059240092206016656,0.0,0.0
8.58,0.10378290821503026,0.0,0.0
8.59,0.11573763264545628,0.0,0.0
8.6,0.10792105944671476,0.0,0.0
8.61,0.0830345684809996,0.0,0.0
8.620000000000001,0.04390687775792622,0.0,0.0
8.63,-0.021514485785813078,0.0,0.0
8.64,-0.036775289432937446,0.0,0.0
8.65,-0.07228315512520378,0.0,0.0
8.66,-0.11920072178909648,0.0,0.0
8.67,-0.12690014391513532,0.0,0.0
8.68,-0.09907830716843632,0.0,0.0
8.69,-0.04044235899542098,0.0,0.0
8.700000000000001,0.04169584066296714,0.0,0.0
8.71,0.10973894166642595,0.0,0.0
8.72,0.1409660395045057,0.0,0.0
8.73,0.08922727300216308,0.0,0.0
8.74,0.10461256224280481,0.0,0.0
8.75,0.060779898539368826,0.0,0.0
8.76,-0.012310805484371221,0.0,0.0
8.77,-0.03920179023359074,0.0,0.0
8.78,-0.0773303570404792,0.0,0.0
8.790000000000001,-0.10568504889194043,0.0,0.0
8.8,-0.11261598914734836,0.0,0.0
8.81,-0.12135695343021222,0.0,0.0
8.82,-0.05909515643080427,0.0,0.0
8.83,-0.005838780334490493,0.0,0.0
8.84,0.06722174548214721,0.0,0.0
8.85,0.11809289843135902,0.0,0.0
8.86,0.11078481363405826,0.0,0.0
8.870000000000001,0.09256432934489284,0.0,0.0
8.88,0.07310186810954039,0.0,0.0
8.89,0.01938594029882349,0.0,0.0
8.9,-0.012680227521200167,0.0,0.0
8.91,-0.08534775340271325,0.0,0.0
8.92,-0.10858389911883362,0.0,0.0
8.93,-0.11942155432853097,0.0,0.0
8.94,-0.10739511466522716,0.0,0.0
8.950000000000001,-0.05124837870198248,0.0,0.0
8.96,0.0014552276164271221,0.0,0.0
8.97,0.06905211291021651,0.0,0.0
8.98,0.1191447652389572,0.0,0.0
8.99,0.12392961482647726,0.0,0.0
9.0,0.1027151948209599,0.0,0.0
9.01,0.06233045501237477,0.0,0.0
9.02,0.01841884446688284,0.0,0.0
9.03,-0.02590827019871477,0.0,0.0
9.040000000000001,-0.06187015712233756,0.0,0.0
9.05,-0.09639524225350751,0.0,0.0
9.06,-0.11544617912960634,0.0,0.0
9.07,-0.11297588083894335,0.0,0.0
9.08,-0.08402661733360144,0.0,0.0
9.09,0.001513089838721015,0.0,0.0
9.1,0.06724117170534166,0.0,0.0
9.11,0.11494009027913982,0.0,0.0
9.120000000000001,0.1338748235983449,0.0,0.0
9.13,0.11422523692062606,0.0,0.0
9.14,0.08106141529928954,0.0,0.0
9.15,0.017971832090425646,0.0,0.0
9.16,0.0009155830747512479,0.0,0.0
9.17,-0.04780462470575619,0.0,0.0
9.18,-0.11135520310053726,0.0,0.0
9.19,-0.11116798741877641,0.0,0.0
9.200000000000001,-0.133499704762355,0.0,0.0
9.21,-0.08802418080641812,0.0,0.0
9.22,-0.023138753364167673,0.0,0.0
9.23,0.0518775189731672,0.0,0.0
9.24,0.1117007042531842,0.0,0.0
9.25,0.1250644301872877,0.0,0.0
9.26,0.1126595922131488,0.0,0.0
9.27,0.0467578405054063,0.0,0.0
9.28,0.035084821436882255,0.0,0.0
9.290000000000001,-0.003705087174184471,0.0,0.0
9.3,-0.055962310489245215,0.0,0.0
9.31,-0.08002867264753716,0.0,0.0
9.32,-0.09429584861562372,0.0,0.0
9.33,-0.13150326604501927,0.0,0.0
9.34,-0.09370282878743785,0.0,0.0
9.35,-0.03344467340463409,0.0,0.0
9.36,0.043078994436613595,0.0,0.0
9.370000000000001,0.10435194483672729,0.0,0.0
9.38,0.13345316925079778,0.0,0.0
9.39,0.11590311674503287,0.0,0.0
9.4,0.07861797407342885,0.0,0.0
9.41,0.017114875232938198,0.0,0.0
9.42,0.006795644880695697,0.0,0.0
9.43,-0.04052308872913669,0.0,0.0
9.44,-0.06719836001185807,0.0,0.0
9.450000000000001,-0.13088375230612548,0.0,0.0
9.46,-0.12719073831772534,0.0,0.0
9.47,-0.1154594720187732,0.0,0.0
9.48,-0.041072314026415216,0.0,0.0
9.49,0.02630686009075165,0.0,0.0
9.5,0.08871238732378102,0.0,0.0
9.51,0.10892128744650739,0.0,0.0
9.52,0.1089084259187967,0.0,0.0
9.53,0.07828120113794859,0.0,0.0
9.540000000000001,0.0645488184450238,0.0,0.0
9.55,0.01828406783541508,0.0,0.0
9.56,-0.021316808538917896,0.0,0.0
9.57,-0.0834460587247776,0.0,0.0
9.58,-0.11185524205731108,0.0,0.0
9.59,-0.14213836538453978,0.0,0.0
9.6,-0.08380921610963951,0.0,0.0
9.61,-0.038294043241585404,0.0,0.0
9.620000000000001,0.025742901140034413,0.0,0.0
9.63,0.10313090775245481,0.0,0.0
9.64,0.10553037232617204,0.0,0.0
9.65,0.12127304541671416,0.0,0.0
9.66,0.09205861312094427,0.0,0.0
9.67,0.06056685422818056,0.0,0.0
9.68,-0.0049386909278653045,0.0,0.0
9.69,-0.017107151491648827,0.0,0.0
9.700000000000001,-0.053021585133810674,0.0,0.0
9.71,-0.07890822660779413,0.0,0.0
9.72,-0.12357495217181108,0.0,0.0
9.73,-0.12538321803785327,0.0,0.0
9.74,-0.06591517291980428,0.0,0.0
9.75,0.002519830889752544,0.0,0.0
9.76,0.0839492230432746,0.0,0.0
9.77,0.12487421607366002,0.0,0.0
9.78,0.12228125700482063,0.0,0.0
9.790000000000001,0.1043560062000648,0.0,0.0
9.8,0.06928181290859686,0.0,0.0
9.81,0.022038860695120878,0.0,0.0
9.82,-0.017533997312979773,0.0,0.0
9.83,-0.07904225033568339,0.0,0.0
9.84,-0.09681279516096834,0.0,0.0
9.85,-0.12113118067064606,0.0,0.0
9.86,-0.11397008610301704,0.0,0.0
9.870000000000001,-0.0849568077347448,0.0,0.0
9.88,-0.011590961238520143,0.0,0.0
9.89,0.06977816728188596,0.0,0.0
9.9,0.10153496545488647,0.0,0.0
9.91,0.1262601337385009,0.0,0.0
9.92,0.11549235990856825,0.0,0.0
9.93,0.06593024475462494,0.0,0.0
9.94,0.05006652091161712,0.0,0.0
9.950000000000001,-0.009535800744763633,0.0,0.0
9.96,-0.03511427675557398,0.0,0.0
9.97,-0.09896885282487691,0.0,0.0
9.98,-0.13106378438157715,0.0,0.0
9.99,-0.13263992066336766,0.0,0.0
